{
  "cumulative_regret": -0.20068153698725558,
  "mean_regret": -0.02006815369872556,
  "per_epoch_regret": [
    0.0,
    0.0,
    0.0,
    0.02975765914913822,
    -0.00299753935665803,
    -0.0949759467485104,
    -0.052723081822090956,
    -0.0676875228577472,
    0.008113373784308653,
    -0.02016847913569586
  ],
  "horizon": 10
}