{
  "cumulative_regret": -0.2848631260022422,
  "mean_regret": -0.028486312600224217,
  "per_epoch_regret": [
    0.0,
    0.0,
    0.0,
    0.02975765914913822,
    -0.00299753935665803,
    -0.03869524534712443,
    -0.08644064278044605,
    -0.09563755006232155,
    -0.08674466419727245,
    -0.004105143407557854
  ],
  "horizon": 10
}