{
  "cumulative_regret": 0.22342611912221827,
  "mean_regret": 0.022342611912221828,
  "per_epoch_regret": [
    0.0,
    0.0,
    0.0,
    -0.024271804881480313,
    -0.019471240529612174,
    0.00572771024196711,
    0.13758367236624375,
    0.08624356985092163,
    0.018781508220003018,
    0.018832703854175237
  ],
  "horizon": 10
}