{
  "train_loss": [
    0.16634161485981425,
    0.048687244983670254,
    0.03279007490887362,
    0.026001300599599965,
    0.019144069004352993,
    0.01488696235340229,
    0.011621353340480615,
    0.009536885096965105,
    0.008176397624756582,
    0.007057055843159329
  ],
  "val_loss": [
    0.0629562619687157,
    0.0554424512120796,
    0.0618623242208219,
    0.04071118356102701,
    0.042662567491246826,
    0.04044700642345483,
    0.04317098284968295,
    0.04851898260111487,
    0.056244117988558655,
    0.059722703446784584
  ],
  "val_accuracy": [
    0.9815,
    0.983,
    0.9793333333333333,
    0.9886666666666667,
    0.9898333333333333,
    0.9895,
    0.9885,
    0.9878333333333333,
    0.9865,
    0.9878333333333333
  ]
}