{
  "train_loss": [
    0.12061718234906009,
    0.04384139016426088,
    0.029621303184733633,
    0.027417683842372215,
    0.020757317187275113,
    0.016150332459692197,
    0.018009510420506452,
    0.01750171722702735,
    0.012761724729396129,
    0.010619098479728186
  ],
  "val_loss": [
    0.04551566073775014,
    0.04547518909849385,
    0.07690082212285872,
    0.059566206835022076,
    0.04932201735488327,
    0.04560767266481522,
    0.04407695065726736,
    0.04909665381637751,
    0.05914447205348919,
    0.10575827195403942
  ],
  "val_accuracy": [
    0.986,
    0.9866666666666667,
    0.9801666666666666,
    0.9833333333333333,
    0.9866666666666667,
    0.9908333333333333,
    0.9901666666666666,
    0.9878333333333333,
    0.9886666666666667,
    0.9816666666666667
  ]
}