{
  "train_loss": [
    0.21433250990616803,
    0.10457315380804758,
    0.08957746604629085,
    2.972591007605054,
    2.3098445156174248,
    2.3096545301907434,
    2.309014948058467,
    2.309746135750088,
    2.309015635065558,
    2.3093675702669043
  ],
  "val_loss": [
    0.12806424137422853,
    0.12999416191745153,
    0.09818938370556274,
    2.3078865446942918,
    2.3071139847978634,
    2.306598003874434,
    2.3062352702972735,
    2.308578983266303,
    2.3097922649789364,
    2.31128665487817
  ],
  "val_accuracy": [
    0.965,
    0.9618333333333333,
    0.9728333333333333,
    0.10933333333333334,
    0.09933333333333333,
    0.09583333333333334,
    0.0995,
    0.10166666666666667,
    0.09616666666666666,
    0.09616666666666666
  ]
}