{
  "train_loss": [
    0.21433250990616803,
    0.10457315380804758,
    0.08957746604629085,
    0.11849042007902232,
    0.10904444096625399,
    0.07885898839377785,
    0.12265421133347724,
    0.11401179178631136,
    0.1081351303531743,
    0.1109448271706729
  ],
  "val_loss": [
    0.12806424137422853,
    0.12999416191745153,
    0.09818938370556274,
    0.13097458443247734,
    0.12629462993565074,
    0.09433573877136718,
    0.14476992071611172,
    0.13561595933749637,
    0.12879895073104095,
    0.12768904737969664
  ],
  "val_accuracy": [
    0.965,
    0.9618333333333333,
    0.9728333333333333,
    0.9623333333333334,
    0.9683333333333334,
    0.9738333333333333,
    0.9651666666666666,
    0.9655,
    0.9651666666666666,
    0.9695
  ]
}