{
  "train_loss": [
    0.21433250990616803,
    0.11304345002184926,
    2.4698055075896437,
    2.310460017755698,
    2.3094076107463564,
    2.3096233160009882,
    2.309102151066206,
    2.309903259808418,
    2.3091730156216013,
    2.3095476864638487
  ],
  "val_loss": [
    0.12806424137422853,
    0.11540379076007198,
    2.3073604233721468,
    2.3072103972130633,
    2.3068882480580757,
    2.306590995890029,
    2.3064122859467853,
    2.3086585592716298,
    2.309874958180367,
    2.311698893283276
  ],
  "val_accuracy": [
    0.965,
    0.9638333333333333,
    0.10166666666666667,
    0.10933333333333334,
    0.09933333333333333,
    0.09583333333333334,
    0.0995,
    0.10166666666666667,
    0.09616666666666666,
    0.09616666666666666
  ]
}