{
  "train_loss": [
    0.21433250990616803,
    0.10457315380804758,
    0.08957746604629085,
    0.11849042007902232,
    0.20300936151099483,
    0.29084415576681144,
    0.46238347507518895,
    2.1607415577423232,
    2.3083846071885095,
    2.3101120834102
  ],
  "val_loss": [
    0.12806424137422853,
    0.12999416191745153,
    0.09818938370556274,
    0.13097458443247734,
    0.24982193329351696,
    0.20948547634613165,
    0.4034491245971715,
    2.3086875956109227,
    2.3090662753328366,
    2.3125261448799295
  ],
  "val_accuracy": [
    0.965,
    0.9618333333333333,
    0.9728333333333333,
    0.9623333333333334,
    0.9505,
    0.9511666666666667,
    0.9163333333333333,
    0.10166666666666667,
    0.09616666666666666,
    0.09583333333333334
  ]
}