{
  "train_loss": [
    0.21433250990616803,
    0.10457315380804758,
    0.08957746604629085,
    0.07852183916666423,
    0.08485301816960139,
    0.07461361442845683,
    0.07276052920838406,
    0.07745342992253186,
    0.07172474126655375,
    0.06759118864945741
  ],
  "val_loss": [
    0.12806424137422853,
    0.12999416191745153,
    0.09818938370556274,
    0.10121692528333912,
    0.0887230870170281,
    0.11394392951153853,
    0.1259500479741775,
    0.08633062576731429,
    0.10194621653159204,
    0.09062326899259054
  ],
  "val_accuracy": [
    0.965,
    0.9618333333333333,
    0.9728333333333333,
    0.9711666666666666,
    0.976,
    0.9743333333333334,
    0.9671666666666666,
    0.9756666666666667,
    0.9743333333333334,
    0.9763333333333334
  ]
}