{
  "fixed_lr": {
    "train_loss": [
      4.865749705741756,
      2.3104458643361854,
      2.310274740530981,
      2.3103298824545333,
      2.309799306200579,
      2.310258208010434,
      2.3097424967594056,
      2.310671095881982,
      2.309858643330669,
      2.310309301055438
    ],
    "val_loss": [
      2.305315669546736,
      2.3072897855271686,
      2.3068700039640384,
      2.3073375630885997,
      2.3078328371047974,
      2.306126855789347,
      2.3073689861500517,
      2.308819869731335,
      2.310136708807438,
      2.3133450010989574
    ],
    "val_accuracy": [
      0.111,
      0.10933333333333334,
      0.10166666666666667,
      0.10933333333333334,
      0.09933333333333333,
      0.09583333333333334,
      0.0995,
      0.10166666666666667,
      0.09616666666666666,
      0.09583333333333334
    ]
  },
  "scheduler": {
    "train_loss": [
      7.423762901699374,
      2.3102938950909255,
      2.309050243330228,
      2.3089073806012412,
      2.3068919848491793,
      2.30617250565669,
      2.304244809523578,
      2.3031933030810965,
      2.302149427445579,
      2.301453989828932
    ],
    "val_loss": [
      2.314409405627149,
      2.306540844288278,
      2.3057817398233618,
      2.307241163355239,
      2.3064822212178657,
      2.303727499982144,
      2.3078987344782402,
      2.3014194458088975,
      2.3013581062885042,
      2.3009628666208144
    ],
    "val_accuracy": [
      0.0995,
      0.09616666666666666,
      0.09583333333333334,
      0.111,
      0.10366666666666667,
      0.10933333333333334,
      0.111,
      0.111,
      0.111,
      0.111
    ]
  },
  "autotunenet": {
    "train_loss": [
      6.554220887439511,
      2.307055286886568,
      2.3047224447060537,
      2.304849028869828,
      2.30285680604772,
      2.3077827355872964,
      2.307705236554711,
      2.3070605029992017,
      2.307618217445663,
      2.3075772427834607
    ],
    "val_loss": [
      2.3123385880855802,
      2.3062722454679774,
      2.3046560262111906,
      2.3030679302012667,
      2.3014819190857256,
      2.308866782391325,
      2.3033845652925207,
      2.3064725982381944,
      2.3052308331144618,
      2.3093428205936513
    ],
    "val_accuracy": [
      0.09583333333333334,
      0.111,
      0.111,
      0.111,
      0.10166666666666667,
      0.111,
      0.111,
      0.111,
      0.111,
      0.09583333333333334
    ]
  }
}