{
  "train_loss": [
    0.21433250990616803,
    0.10004902238763375,
    0.08558559419766015,
    0.06717364218497596,
    0.054065182814664915,
    0.041009565222839016,
    0.02592915016676752,
    0.015006953746029398,
    0.008444671154937479,
    0.0050380167337474874
  ],
  "val_loss": [
    0.12806424137422853,
    0.13332111156605025,
    0.11045787678635184,
    0.0826114771635014,
    0.07169329110493368,
    0.08168211006132163,
    0.07599397234530733,
    0.058518429831236334,
    0.056471472312257395,
    0.05501830436269108
  ],
  "val_accuracy": [
    0.965,
    0.9615,
    0.9671666666666666,
    0.9748333333333333,
    0.9813333333333333,
    0.9795,
    0.982,
    0.9856666666666667,
    0.986,
    0.9861666666666666
  ]
}